id,name,inactive,toplevel_id
100,Northwood Manufacturing,false,
101,Bridgewater Council,false,
102,Osprey Financial,false,
103,Calderbank Group,false,
104,Rowan Health Partnership,false,
105,Fenwick and Sons,false,
106,Marchmont Legal,false,
107,Tenby Logistics,false,
108,Ashford Retail Group,false,
109,Priorton Academy Trust,false,
110,Kestrel Engineering,false,
111,Lyndhurst Care Homes,false,
112,Barrow Print,false,
113,Whitcombe Chambers,false,
114,Eastgate Motors,false,
115,Selby Foods,false,
116,Ravenhill Consulting,false,
117,Thornbury Housing,false,
118,Garrick Media,false,
119,Pemberton Insurance,false,
120,Halstead Chemicals,false,
121,Ingleby Foundation,false,
122,Norbury Dental,false,
123,Cawthorne Plant Hire,false,
124,Foxton Veterinary,false,
