id,client_id,ref,contracttype_name,start_date,end_date,billingperiod,periodchargeamount,active,contract_status
1,100,CON2001,Fixed,2026-02-27,2027-02-27,2,4200,true,Live
2,101,CON2002,Fixed,2026-10-03,2027-10-03,2,3200,true,Live
3,102,CON2003,Fixed,2027-01-31,2028-01-31,2,2850,true,Live
4,103,CON2004,Fixed,2027-07-20,2028-07-19,2,5400,true,Live
5,104,CON2005,Fixed,2026-08-03,2027-08-03,2,2900,true,Live
6,105,CON2006,Fixed,2026-05-21,2027-05-21,2,880,true,Live
7,106,CON2007,Fixed,2027-04-03,2028-04-02,2,1650,true,Live
8,107,CON2008,Fixed,2027-06-08,2028-06-07,2,2100,true,Live
9,108,CON2009,Fixed,2026-06-21,2027-06-21,2,3600,true,Live
10,109,CON2010,Fixed,2025-10-05,2026-10-05,2,4100,true,Live
11,110,CON2011,Fixed,2027-03-30,2028-03-29,2,1900,true,Live
12,111,CON2012,Fixed,2027-07-07,2028-07-06,2,2400,true,Live
13,112,CON2013,Fixed,2027-02-07,2028-02-07,2,750,true,Live
14,113,CON2014,Fixed,2026-12-20,2027-12-20,2,1200,true,Live
15,114,CON2015,Fixed,2026-06-26,2027-06-26,2,,true,Live
16,115,CON2016,Fixed,2026-12-18,2027-12-18,2,2750,true,Live
17,116,CON2017,Fixed,2026-09-20,2027-09-20,2,1450,true,Live
18,117,CON2018,Fixed,2026-11-01,2027-11-01,2,3900,true,Live
19,118,CON2019,Fixed,2026-06-23,2027-06-23,2,990,true,Live
20,119,CON2020,Fixed,2026-07-11,2027-07-11,2,3300,true,Live
21,120,CON2021,Fixed,2026-10-22,2027-10-22,2,4600,true,Live
22,121,CON2022,Fixed,2025-10-19,2026-10-19,2,1750,true,Live
23,122,CON2023,Fixed,2027-07-22,2028-07-21,2,640,true,Live
24,123,CON2024,Fixed,2026-07-27,2027-07-27,2,2250,true,Live
25,124,CON2025,Fixed,2027-02-09,2028-02-09,2,810,true,Live
